                  epoch,         train/box_loss,         train/cls_loss,         train/dfl_loss,   metrics/precision(B),      metrics/recall(B),       metrics/mAP50(B),    metrics/mAP50-95(B),           val/box_loss,           val/cls_loss,           val/dfl_loss,                 lr/pg0,                 lr/pg1,                 lr/pg2
                      1,                0.74626,                 0.5551,                0.93296,                0.86757,                0.90239,                0.94936,                0.78327,                0.68883,                0.49797,                0.95468,                0.06748,              3.252e-10,              3.252e-10
                      2,                0.72338,                0.52048,                0.90781,                0.89328,                0.88029,                0.95018,                0.78574,                  0.681,                0.49298,                0.95011,               0.034146,             6.5195e-10,             6.5195e-10
                      3,                0.72355,                0.70589,                0.90178,                0.89455,                0.87845,                0.95048,                0.78466,                0.67656,                  0.491,                0.94874,             0.00081301,             9.7203e-10,             9.7203e-10
                      4,                0.72663,                0.53036,                 0.9283,                0.88617,                0.88766,                0.94862,                0.78515,                0.67534,                0.49257,                0.94847,                9.7e-10,                9.7e-10,                9.7e-10
                      5,                0.76423,                0.55397,                0.93376,                0.88743,                0.88565,                0.94886,                 0.7836,                0.67367,                0.49102,                0.94789,                9.7e-10,                9.7e-10,                9.7e-10
