                  epoch,         train/box_loss,         train/cls_loss,         train/dfl_loss,   metrics/precision(B),      metrics/recall(B),       metrics/mAP50(B),    metrics/mAP50-95(B),           val/box_loss,           val/cls_loss,           val/dfl_loss,                 lr/pg0,                 lr/pg1,                 lr/pg2
                      1,                0.76398,                0.60284,                0.90785,                0.82937,                0.79169,                0.86087,                0.69284,                0.76182,                0.72337,                0.94911,                0.06748,              3.252e-10,              3.252e-10
                      2,                0.75565,                0.59545,                 0.9039,                0.83487,                0.78653,                0.86065,                 0.6955,                0.75895,                0.72171,                0.94922,               0.034146,             6.5195e-10,             6.5195e-10
                      3,                0.75593,                0.58291,                0.90017,                0.83883,                0.77954,                0.86085,                0.69599,                 0.7567,                0.72236,                0.94769,             0.00081301,             9.7203e-10,             9.7203e-10
                      4,                0.75558,                0.58968,                  0.903,                0.83761,                 0.7841,                0.86174,                0.69647,                0.75663,                0.71869,                0.94767,                9.7e-10,                9.7e-10,                9.7e-10
                      5,                0.75317,                0.60078,                0.90033,                0.83688,                0.78063,                0.86128,                0.69683,                0.75753,                 0.7189,                0.94757,                9.7e-10,                9.7e-10,                9.7e-10
