                  epoch,         train/box_loss,         train/cls_loss,         train/dfl_loss,   metrics/precision(B),      metrics/recall(B),       metrics/mAP50(B),    metrics/mAP50-95(B),           val/box_loss,           val/cls_loss,           val/dfl_loss,                 lr/pg0,                 lr/pg1,                 lr/pg2
                      1,                0.63822,                0.42348,                0.87245,                0.80126,                0.81623,                0.85088,                0.69985,                0.92875,                 1.6341,                 1.1206,                0.06748,              3.252e-10,              3.252e-10
                      2,                0.63313,                0.43487,                0.87165,                0.82835,                0.80531,                0.85308,                0.69994,                0.94809,                 1.6129,                 1.1329,               0.034146,             6.5195e-10,             6.5195e-10
                      3,                0.62898,                0.41419,                0.86604,                0.82073,                0.81042,                0.85236,                0.69897,                0.96705,                 1.5703,                 1.1661,             0.00081301,             9.7203e-10,             9.7203e-10
                      4,                0.63607,                0.41551,                0.87056,                0.82083,                0.80909,                0.85235,                 0.6989,                0.96393,                 1.5557,                 1.1583,                9.7e-10,                9.7e-10,                9.7e-10
                      5,                0.62584,                0.42061,                0.86695,                0.82674,                0.80592,                0.85302,                0.70015,                 0.9669,                 1.5647,                 1.1667,                9.7e-10,                9.7e-10,                9.7e-10
